,size,cuda-1,cuda-2,cuda-4,cuda-8,cuda-16,cuda-32,omp-target-1,omp-target-2,omp-target-4,omp-target-8,omp-target-16,omp-target-32
0,2.0,0.0103475,0.0132255,0.0126867,0.0108857,0.0144155,0.0118498,0.00326976,0.00337155,0.00355695,0.00352165,0.00329196,0.00355166
1,3.0,0.0160569,0.0216098,0.0201152,0.0168645,0.0200865,0.0201407,0.00498709,0.00529969,0.00530454,0.00531876,0.00471983,0.00535077
2,4.0,0.024343,0.0268164,0.0286675,0.0256764,0.0269276,0.0285568,0.00692009,0.00684569,0.00708702,0.00708671,0.00640359,0.0070597
3,5.0,0.0355757,0.0332542,0.0343565,0.030454,0.0334164,0.0355773,0.00866994,0.00887609,0.00888211,0.0083422,0.00875783,0.0086793
4,6.0,0.0423319,0.0406879,0.0401951,0.0411995,0.0430167,0.0392125,0.0104407,0.0106491,0.0106489,0.0105716,0.010653,0.0106141
5,7.0,0.0473119,0.0472006,0.0504846,0.0496156,0.0498033,0.0464267,0.0122441,0.0120733,0.0123832,0.0118085,0.0123673,0.0121856
6,8.0,0.0534316,0.0538994,0.0566347,0.0523202,0.0570054,0.0516757,0.0140629,0.0141064,0.0141161,0.014091,0.014123,0.0139787
7,9.0,0.0615462,0.0634286,0.0576485,0.0630494,0.0641569,0.0605648,0.015601,0.0159311,0.015961,0.0158662,0.0157099,0.0154729
8,10.0,0.0720545,0.0632843,0.0662017,0.0671759,0.0690847,0.0717718,0.0177468,0.0173972,0.0175815,0.017652,0.017729,0.0176005
9,11.0,0.0789,0.0738254,0.0759643,0.0737176,0.0777104,0.0777662,0.0194238,0.0190813,0.0193482,0.0188409,0.0193426,0.0192786
10,12.0,0.0797522,0.0818272,0.0858537,0.0793881,0.0855337,0.0847405,0.0213666,0.0211709,0.0212824,0.0212493,0.0201248,0.0212087
11,13.0,0.0867756,0.0917353,0.0867673,0.0851832,0.0918917,0.0817418,0.0219079,0.0229387,0.0224734,0.022853,0.0229032,0.0227816
12,14.0,0.0987169,0.0987976,0.0964241,0.0956378,0.0931858,0.0987352,0.0242757,0.0240405,0.0245605,0.0236198,0.02397,0.0245805
13,16.0,0.105624,0.106422,0.106129,0.113965,0.110988,0.114046,0.0281402,0.0282174,0.0282111,0.0282246,0.0282572,0.0281489
14,17.0,0.121217,0.112722,0.118682,0.111958,0.115905,0.111716,0.0300093,0.0295533,0.0299596,0.0292728,0.0292367,0.0300683
15,18.0,0.130735,0.128937,0.123394,0.128123,0.121034,0.112984,0.0318732,0.0319978,0.0309421,0.0316515,0.031577,0.0311234
16,19.0,0.124615,0.135241,0.129116,0.135869,0.133,0.124674,0.0326877,0.0334874,0.0336698,0.0334557,0.0330455,0.0318464
17,21.0,0.141889,0.144646,0.138004,0.139654,0.141998,0.146106,0.0370971,0.0370173,0.0372488,0.0368853,0.0359796,0.0368285
18,22.0,0.156957,0.148287,0.148696,0.151147,0.154519,0.147154,0.0389889,0.0387252,0.0382574,0.0386321,0.0388485,0.0384416
19,24.0,0.16776,0.160459,0.158329,0.171075,0.160823,0.169512,0.0427322,0.0424666,0.0424009,0.0417672,0.0413823,0.0423943
20,25.0,0.17631,0.164899,0.175959,0.163614,0.16904,0.161189,0.0439199,0.043573,0.0439971,0.0437675,0.0439095,0.0441725
21,27.0,0.190007,0.193552,0.191021,0.187399,0.186217,0.187497,0.0459794,0.0471495,0.0476342,0.0468573,0.0473137,0.047171
22,29.0,0.203785,0.194986,0.204103,0.194232,0.200786,0.198374,0.0509429,0.0505519,0.0509732,0.0493962,0.050894,0.0511445
23,32.0,0.211598,0.214416,0.209232,0.213949,0.209567,0.227202,0.0564186,0.0552,0.0564592,0.0563961,0.0560006,0.0538406
24,34.0,0.24427,0.204665,0.235439,0.223716,0.222237,0.239332,0.0600403,0.0589363,0.0584598,0.0584812,0.0568348,0.0580228
25,36.0,0.258907,0.232074,0.246851,0.251092,0.226574,0.253592,0.062523,0.0608396,0.063229,0.0614944,0.0631017,0.0629236
26,39.0,0.279001,0.258649,0.277301,0.269163,0.250412,0.273204,0.0669265,0.0688495,0.0684903,0.0670233,0.0682715,0.0682991
27,42.0,0.299843,0.296148,0.295662,0.280853,0.286384,0.292083,0.0737976,0.0741113,0.0739571,0.0740812,0.0735148,0.0736589
28,45.0,0.320227,0.320518,0.322136,0.312396,0.301007,0.313073,0.079458,0.0793918,0.0791162,0.0753833,0.0784841,0.0789408
29,48.0,0.321972,0.343097,0.31595,0.325662,0.334228,0.308445,0.0848622,0.0826462,0.08436,0.0834301,0.0837711,0.0844469
30,51.0,0.344984,0.341825,0.333931,0.348778,0.328595,0.320441,0.0862749,0.089484,0.0897358,0.0896254,0.0890135,0.0864373
31,55.0,0.395392,0.363221,0.364798,0.387433,0.375069,0.373892,0.0975767,0.0974646,0.0944141,0.0964804,0.0949695,0.0966275
32,59.0,0.401012,0.423073,0.400475,0.414464,0.398381,0.396765,0.104514,0.10424,0.102444,0.103693,0.103512,0.100147
33,64.0,0.426777,0.45701,0.424742,0.442899,0.4095,0.424852,0.112832,0.112386,0.113289,0.112754,0.112149,0.108982
34,68.0,0.487444,0.452125,0.44667,0.461098,0.462359,0.455411,0.12024,0.120139,0.115815,0.115483,0.118963,0.118727
35,73.0,0.521363,0.517758,0.497035,0.470785,0.486003,0.494044,0.129754,0.129435,0.129242,0.1212,0.126604,0.126965
36,78.0,0.493821,0.553169,0.522734,0.539276,0.516974,0.517384,0.137902,0.138016,0.137834,0.136454,0.136228,0.135964
37,84.0,0.595182,0.560514,0.564311,0.560205,0.5366,0.537637,0.148857,0.147794,0.148777,0.145412,0.145556,0.145266
38,90.0,0.638165,0.643436,0.642091,0.609578,0.613673,0.589764,0.15732,0.159378,0.154603,0.15527,0.156994,0.155481
39,97.0,0.641696,0.645289,0.686373,0.639624,0.628414,0.625039,0.168285,0.168271,0.17017,0.161606,0.163341,0.168266
40,103.0,0.688984,0.679208,0.67742,0.707693,0.64228,0.663663,0.182857,0.182884,0.180626,0.180251,0.179224,0.171635
41,111.0,0.785232,0.7575,0.783684,0.75604,0.696282,0.675959,0.197013,0.196544,0.191604,0.19136,0.192026,0.188953
42,119.0,0.847468,0.842475,0.795205,0.783994,0.770128,0.76836,0.209916,0.209836,0.204167,0.207219,0.196965,0.206427
43,128.0,0.866206,0.905834,0.872667,0.848388,0.76802,0.810099,0.225195,0.218985,0.216798,0.221857,0.220775,0.219083
44,137.0,0.919231,0.914849,0.920279,0.908081,0.870247,0.851303,0.233496,0.234007,0.23174,0.232476,0.232925,0.231904
45,147.0,0.98892,1.01851,1.03081,0.959195,0.879564,0.894745,0.249574,0.250174,0.245642,0.250833,0.249108,0.245692
46,157.0,0.927478,1.04205,1.08667,1.02262,0.919731,0.921519,0.267082,0.266475,0.266197,0.264626,0.256575,0.265833
47,168.0,1.17445,1.175,1.17656,1.09312,0.827219,0.981564,0.286235,0.277451,0.285235,0.283835,0.283556,0.281598
48,181.0,1.28867,1.23312,1.21723,1.1804,1.03278,1.02958,0.305854,0.306711,0.305979,0.301814,0.303948,0.293165
49,194.0,1.29095,1.32869,1.35101,1.17776,1.15735,1.0962,0.331762,0.31974,0.328905,0.328109,0.325495,0.318747
50,207.0,1.36603,1.3512,1.40475,1.32802,1.23717,1.10225,0.35259,0.35355,0.351529,0.346894,0.336233,0.342992
51,222.0,1.45596,1.49262,1.44419,1.06285,1.32476,1.25006,0.377227,0.371974,0.375748,0.373618,0.360447,0.371156
52,238.0,1.50086,1.68544,1.53041,1.41393,1.29363,1.29556,0.404852,0.407675,0.401945,0.397456,0.396127,0.391305
53,256.0,1.81366,1.67626,1.73608,1.63931,1.44206,1.34628,0.437609,0.433769,0.432376,0.426489,0.422745,0.422584
54,274.0,1.65336,1.75294,1.60756,1.53067,1.44787,1.53398,0.465905,0.44458,0.46346,0.458923,0.454249,0.407982
55,294.0,1.82965,1.77294,1.89069,1.821,1.64363,1.6449,0.50326,0.49892,0.496301,0.49215,0.485168,0.485141
56,315.0,1.53258,2.01031,1.84522,1.91934,1.7483,1.74772,0.537358,0.504484,0.531993,0.527736,0.521971,0.521416
57,337.0,1.62747,2.0903,2.12483,2.01167,1.90073,1.75357,0.56133,0.564758,0.567856,0.566874,0.542128,0.556376
58,362.0,2.02543,2.28159,2.21945,2.07675,2.01468,1.95024,0.589202,0.596268,0.611845,0.598203,0.590255,0.599322
59,388.0,2.2665,2.43312,2.27813,2.22762,2.14541,2.14868,0.661477,0.640036,0.653065,0.652333,0.640881,0.640375
60,415.0,2.43331,2.60106,2.50168,2.25185,2.30016,2.22216,0.693666,0.664284,0.691679,0.692579,0.684935,0.669417
61,445.0,2.86753,2.65397,2.62637,2.52727,2.32284,2.3578,0.756027,0.727056,0.75223,0.745336,0.715177,0.731954
62,477.0,3.00767,2.82793,2.66718,2.56762,2.36003,2.3695,0.815325,0.786312,0.805899,0.799189,0.763636,0.766173
63,512.0,3.11221,3.13822,3.0446,2.65591,2.62421,2.59215,0.849301,0.839576,0.862645,0.851537,0.811497,0.841697
64,548.0,3.28342,3.34487,3.21384,2.98612,2.7668,2.71538,0.919843,0.894665,0.897276,0.908975,0.902945,0.906871
65,588.0,3.75215,3.53396,3.24564,3.22575,2.94706,2.96326,0.99366,0.966474,0.996022,0.983,0.969349,0.93424
66,630.0,3.84974,3.92009,3.4621,3.16141,3.24886,3.19523,1.05787,1.06504,1.06102,1.04626,1.04108,1.04716
67,675.0,3.91626,4.11689,3.84212,3.72001,3.4546,3.39066,1.14406,1.14527,1.13463,1.12847,1.1115,1.1089
68,724.0,4.60215,4.38866,3.99432,3.77705,3.66226,3.47039,1.22979,1.22269,1.2143,1.21058,1.19338,1.14847
69,776.0,4.56336,4.765,3.96022,4.20822,4.01593,3.79643,1.31198,1.28609,1.30333,1.29705,1.27959,1.26905
70,831.0,5.23845,5.00752,4.51813,4.48026,4.15615,4.16292,1.40327,1.40451,1.40317,1.38778,1.37129,1.37911
71,891.0,5.4052,5.39473,5.24897,4.98319,4.53382,4.43408,1.50972,1.51163,1.4589,1.44997,1.47608,1.42656
72,955.0,5.98753,5.28506,5.6005,5.18789,4.88846,4.82798,1.57516,1.61823,1.60653,1.58628,1.53536,1.57207
73,1024.0,6.29815,6.18069,6.14622,5.37817,5.08291,5.27556,1.68631,1.66514,1.72671,1.70814,1.68679,1.62757
74,1097.0,6.4202,6.23976,4.88701,5.75062,5.49293,5.49708,1.83884,1.84459,1.84199,1.83025,1.7851,1.78466
75,1176.0,6.83197,6.75991,6.749,6.13855,5.79655,5.59817,1.98705,1.98502,1.94563,1.95895,1.94099,1.58758
76,1260.0,7.2879,7.44868,5.98751,6.56671,6.26336,6.26881,2.11861,2.10994,2.122,2.08159,2.06006,2.03362
77,1351.0,7.71917,7.97309,7.70951,7.27535,6.74383,6.5327,2.28451,2.27112,2.24232,2.25332,2.21524,2.22062
78,1448.0,8.58904,8.2439,8.05325,7.50218,7.30937,7.19968,2.43572,2.43667,2.41023,2.41345,2.3639,2.35922
79,1552.0,9.15354,5.71464,8.47089,8.09699,7.52581,7.44733,2.586,2.58444,2.61498,2.4568,2.48379,2.556
80,1663.0,9.63283,9.8508,9.34404,8.98703,8.10046,8.05868,2.80062,2.78549,2.79005,2.77919,2.73779,2.72177
81,1782.0,10.7625,10.6581,10.1661,9.27935,8.72161,8.83124,3.00733,3.00023,2.85531,2.89835,2.92803,2.91907
82,1910.0,11.0029,11.0841,10.8859,9.9148,9.32862,9.45004,3.22591,3.21754,3.20951,3.17516,3.14631,3.1581
83,2048.0,12.4814,11.6267,11.1506,10.9402,10.3156,10.2645,3.46915,3.41849,3.43417,3.38516,3.29674,3.37698
84,2194.0,13.0816,12.6626,12.5049,11.7773,10.914,10.9191,3.69167,3.68406,3.66112,3.60714,2.96545,3.56827
85,2352.0,13.7098,13.9673,12.7753,12.214,11.6636,11.2127,3.19725,3.93538,3.97457,3.89199,3.87333,3.8273
86,2521.0,9.12916,14.765,13.6756,13.639,12.3605,11.9152,4.24641,4.25718,3.46611,4.16646,4.14241,4.1365
87,2702.0,15.8775,15.486,14.8968,14.1647,13.4106,13.0638,4.54975,4.53244,4.55143,4.42802,4.47547,4.40852
88,2896.0,17.1883,17.1475,16.7373,15.3064,13.9755,14.2288,4.87195,4.85155,4.8206,4.76272,4.72596,4.72582
89,3104.0,17.7276,17.7562,16.7381,15.8446,15.4225,15.2077,5.28895,5.18347,5.18765,4.24821,5.08834,5.07017
90,3326.0,19.3922,19.1773,18.8172,17.1799,16.0071,16.2257,5.62098,5.5938,5.53303,5.47756,5.41501,4.57826
91,3565.0,20.7751,20.8048,19.1974,18.3645,17.4824,17.0295,5.96879,5.88372,5.92013,5.86814,5.7853,5.89103
92,3821.0,23.0981,21.8664,20.2893,20.2718,18.8106,18.316,6.33735,6.40782,6.3956,6.25753,6.24786,6.22993
93,4096.0,23.7871,23.7974,23.2394,21.7611,19.4254,19.1636,6.93381,6.8721,6.79104,6.76968,6.69642,5.36033
94,4389.0,25.3055,24.9346,24.7226,22.3668,21.6015,20.6148,7.31962,7.37097,7.00609,5.97108,7.18331,7.16569
95,4705.0,27.3676,27.3208,24.9858,24.4937,22.1642,21.2214,7.90623,7.81731,7.83508,7.61502,7.71489,7.7095
96,5042.0,29.9407,29.3,28.563,26.9276,25.0345,24.9091,7.05078,8.40443,8.38857,8.17355,8.15112,8.25594
97,5404.0,31.816,31.0344,28.4377,27.5059,25.8243,25.8947,9.11064,9.04618,8.92815,7.2485,8.7758,8.4229
98,5792.0,33.6326,33.7864,32.4083,30.7286,27.6593,27.6065,9.93181,9.61745,9.56512,9.47915,9.24244,9.49142
99,6208.0,36.151,34.8078,27.3493,32.688,30.7094,29.3997,10.3232,10.3268,10.3425,10.2045,10.0865,10.0599
100,6653.0,37.4225,37.3582,35.8564,34.2209,32.3554,31.7397,11.1266,11.2424,11.09,10.8589,9.00093,10.755
101,7131.0,42.0331,41.5728,37.4616,37.8349,34.7425,34.467,11.9037,11.9607,11.9104,11.7153,11.6268,11.5813
102,7643.0,44.0527,44.8837,42.4855,40.2585,37.3143,35.6354,12.8129,12.7318,12.7701,12.5546,12.4883,10.2786
103,8192.0,48.1042,47.6331,43.9801,42.976,40.7713,31.0421,13.8717,13.0093,13.653,13.5621,13.3317,13.3185
104,8779.0,51.242,50.8703,48.6292,46.1784,41.3253,41.0159,14.6631,14.4911,14.5953,14.5252,14.2663,14.3502
105,9410.0,53.2136,54.4594,49.8703,49.3366,43.9613,43.1955,15.5397,13.0046,15.416,15.4591,15.252,15.1414
106,10085.0,58.3469,55.7128,52.8583,52.6869,49.217,46.7645,16.7279,16.7589,16.6572,16.4674,16.3308,16.1288
107,10809.0,63.93,62.6103,58.5457,56.8526,34.984,52.159,18.0809,17.9514,17.7577,17.8426,17.3749,17.4325
108,11585.0,66.1764,67.6378,62.7212,56.9517,56.6585,55.6179,19.1877,19.3876,18.9808,18.7659,18.6116,18.7163
109,12416.0,72.8489,69.4621,66.7765,64.2552,58.992,59.4714,19.8769,20.6098,20.1869,20.2836,19.9254,19.9328
110,13307.0,77.6207,76.2393,69.6565,69.1623,64.6823,60.5085,21.8656,18.4281,21.8023,18.0025,21.3489,21.129
111,14263.0,83.8615,52.9699,77.0421,74.0034,66.3424,63.0163,23.4777,23.3571,23.3751,22.9917,22.2524,22.0501
112,15286.0,87.0498,84.1361,83.2353,76.3732,71.8542,65.9629,25.2189,25.1099,24.7861,24.2437,23.6355,23.4568
113,16384.0,96.0354,89.9133,58.0405,79.938,76.5154,66.5823,21.9131,27.0619,22.5875,26.208,25.4798,25.237
114,17559.0,101.591,98.3212,93.9841,89.4336,80.9026,81.4312,29.4557,28.6594,28.2232,27.6786,27.1207,26.9473
115,18820.0,109.55,102.294,99.3448,90.4226,89.2517,84.2643,31.2169,30.4848,30.2309,29.8626,28.9198,29.0934
116,20171.0,111.373,108.204,104.773,100.698,94.295,92.4467,33.2328,33.0226,27.3513,30.7767,31.0858,30.7802
117,21618.0,119.636,117.083,113.788,106.398,96.9414,97.7209,35.9371,35.3364,34.8084,34.0456,33.0559,33.4728
118,23170.0,133.963,129.621,120.829,115.062,107.948,106.962,38.1168,31.3866,37.4653,36.2556,35.688,35.6691
119,24833.0,134.032,130.831,122.327,122.161,109.076,108.61,40.8156,40.3882,39.6484,39.5137,38.048,37.8573
120,26615.0,146.009,141.437,130.621,129.527,116.033,112.284,43.8655,43.1502,42.1806,40.2428,40.8831,40.8866
121,28526.0,160.899,155.113,140.984,130.03,110.687,109.7,46.8767,46.6506,45.6218,44.6365,43.056,42.6557
122,30573.0,163.861,163.965,150.514,137.021,119.615,114.824,49.7237,49.0888,40.5081,47.0126,38.1976,44.8036
123,32768.0,184.486,174.752,150.103,146.481,127.73,119.668,54.9971,53.1778,51.241,50.3525,48.4997,48.3965
124,35119.0,196.276,182.339,162.429,157.959,135.846,131.166,47.6867,57.2982,55.2845,54.5181,51.9217,51.8243
125,37640.0,206.762,190.769,168.784,162.181,148.055,141.392,61.3561,60.5844,59.1162,57.7035,55.8111,54.829
126,40342.0,219.304,202.752,180.697,176.209,157.654,156.3,66.0242,64.6869,62.3347,61.2869,57.7757,56.9583
127,43237.0,241.242,220.016,192.584,189.062,165.29,167.821,70.4754,59.7742,66.7041,65.638,62.0185,61.8513
128,46340.0,254.359,229.852,212.073,194.533,171.949,172.587,75.507,74.0724,59.3116,69.5108,65.8039,65.9334
129,49667.0,262.542,244.5,215.035,208.171,176.522,178.77,80.3541,76.1122,76.0144,62.8192,70.9522,70.3487
130,53231.0,285.569,217.475,229.625,221.996,191.305,185.263,86.1699,84.9955,67.8412,80.4863,74.5014,74.6669
131,57052.0,295.859,231.082,241.137,226.312,188.523,183.581,92.2002,90.3433,72.3713,84.7652,78.0721,77.3037
132,61147.0,320.362,269.049,242.941,231.463,194.846,185.577,97.5845,96.1158,90.5251,88.7543,83.4885,79.25
133,65536.0,354.164,309.712,269.596,245.621,196.131,197.822,105.185,103.397,97.4937,95.6151,88.6834,88.0855
134,70239.0,361.556,337.816,287.351,269.516,202.465,192.4,112.234,111.002,100.447,101.058,92.164,91.4307
135,75281.0,389.366,363.489,300.082,269.953,215.822,200.945,120.005,112.94,109.644,106.833,97.946,97.4332
136,80684.0,413.017,391.65,301.792,278.599,220.06,224.204,128.015,125.204,116.286,112.787,103.168,103.073
137,86475.0,444.829,405.296,265.595,282.233,210.53,219.028,135.215,132.596,123.332,117.954,106.223,106.817
138,92681.0,487.511,412.125,326.7,287.8,203.043,225.096,121.532,141.336,130.577,127.185,109.281,110.514
139,99334.0,490.484,451.208,352.854,315.046,215.51,212.039,155.715,151.211,137.071,132.557,110.574,98.0918
140,106463.0,555.631,474.905,360.282,331.999,189.629,191.442,164.365,160.728,143.877,141.363,109.305,94.6883
141,114104.0,566.637,489.53,379.323,336.55,172.198,148.239,142.621,166.752,154.237,147.006,101.806,96.3579
142,122294.0,623.577,515.553,399.84,348.818,147.467,132.504,156.705,178.704,163.563,155.323,101.722,91.2122
143,131072.0,659.1,544.72,404.701,367.444,148.34,125.55,198.714,187.837,171.49,141.403,99.6099,91.7398
144,140479.0,701.608,576.151,417.356,353.19,153.358,127.568,212.332,200.314,181.045,171.711,100.103,92.2078
145,150562.0,746.921,586.963,430.077,362.028,155.904,130.247,230.253,212.111,192.484,182.071,107.648,95.7881
146,161368.0,757.999,610.895,448.892,379.239,152.6,125.748,243.399,226.924,201.627,187.258,111.25,96.5962
147,172950.0,811.163,646.103,455.565,382.029,154.709,125.56,256.877,239.737,213.088,196.101,112.204,95.4842
148,185363.0,863.446,653.187,464.027,378.181,137.107,125.411,268.54,258.564,227.176,198.421,113.874,97.4705
149,198668.0,942.47,706.306,479.011,344.655,157.523,120.293,288.496,274.156,237.576,202.238,120.721,102.963
150,212927.0,959.436,721.638,486.402,306.027,159.215,117.297,306.601,288.654,250.667,196.387,129.654,107.641
151,228209.0,1036.51,752.291,508.331,277.29,157.403,110.02,325.454,310.187,262.231,168.892,140.941,111.279
152,244589.0,1047.62,783.388,524.584,241.312,160.521,117.28,294.333,323.272,276.258,184.628,140.872,112.722
153,262144.0,1135.02,800.456,543.024,239.331,163.702,117.432,362.719,340.68,290.75,183.804,146.356,114.01
154,280958.0,989.746,745.877,506.607,240.42,160.674,115.897,383.855,357.175,279.359,188.145,147.607,112.582
155,301124.0,1047.37,785.199,529.577,242.794,171.727,117.004,405.988,376.34,312.669,189.052,148.788,114.91
156,322737.0,1096.3,811.215,542.717,246.681,171.041,121.052,398.149,395.763,324.599,201.827,150.13,113.25
157,345901.0,826.871,857.437,531.981,252.366,177.578,121.12,452.158,406.056,334.497,204.364,150.366,117.843
158,370727.0,1209.38,877.175,535.747,254.558,178.195,124.487,479.816,441.066,344.104,205.014,145.372,118.381
159,397336.0,1248.26,932.933,520.418,243.922,176.61,124.838,506.217,460.409,349.812,198.148,149.011,120.731
160,425854.0,1349.0,933.852,483.695,227.869,175.786,123.368,529.204,488.526,347.804,185.137,156.451,121.849
161,456419.0,1371.27,968.811,448.93,222.47,174.009,122.687,561.289,507.686,331.591,179.844,159.962,122.389
162,489178.0,1471.1,978.882,413.218,217.209,172.359,123.738,592.584,533.135,315.372,178.251,162.729,124.854
163,524288.0,1519.98,1007.71,403.397,206.063,177.869,100.89,620.523,560.646,315.3,176.093,165.216,129.359
164,561917.0,1594.66,1030.67,399.422,202.418,184.232,128.177,651.871,577.673,313.118,166.766,166.247,130.57
165,602248.0,1645.91,1055.2,391.08,200.347,180.616,130.378,685.512,607.79,305.206,177.925,171.369,131.262
166,645474.0,1691.38,1061.73,374.852,200.068,180.024,129.666,718.531,634.061,308.991,179.217,172.849,133.188
167,691802.0,1769.23,1071.49,386.329,199.803,177.401,129.456,753.967,651.131,305.743,180.22,173.721,135.26
168,741455.0,1843.38,1044.92,352.684,203.331,179.25,129.215,791.017,661.084,278.699,183.301,174.469,134.359
169,794672.0,1927.94,1076.87,321.179,203.921,179.363,131.598,803.709,698.701,264.801,185.792,174.641,136.652
170,851708.0,1998.61,1003.07,299.387,204.529,178.701,132.792,859.378,693.552,253.765,188.277,176.798,137.215
171,912838.0,2060.0,949.439,283.263,204.531,184.843,137.024,897.083,669.733,248.233,190.093,174.708,139.628
172,978356.0,2048.89,873.522,278.137,206.385,185.99,137.345,935.733,648.068,249.979,191.442,175.491,141.021
173,1048576.0,2019.33,842.86,278.821,208.251,185.699,137.728,914.439,631.691,251.93,192.973,176.711,143.281
174,1123835.0,2232.1,813.36,280.372,208.307,168.739,138.245,1012.18,618.424,255.391,194.964,179.428,144.154
175,1204497.0,2230.29,769.333,280.05,209.961,187.949,139.532,1051.04,600.391,255.243,197.504,177.417,140.928
176,1290948.0,2450.6,739.245,280.971,209.679,170.503,141.169,1086.18,577.796,259.502,198.217,184.031,143.158
177,1383604.0,2461.46,706.315,284.301,212.407,189.624,140.339,1127.14,551.432,259.752,199.244,185.936,143.359
178,1482910.0,2530.73,639.067,286.731,212.972,167.63,142.662,1145.29,506.415,263.955,200.991,187.0,145.968
179,1589344.0,2499.21,592.372,287.682,213.388,191.764,143.854,1172.1,487.301,267.342,202.753,169.943,146.793
180,1703416.0,2382.94,562.774,288.307,214.373,192.075,143.671,1196.55,483.447,267.53,203.615,187.883,148.171
181,1825676.0,2373.88,550.74,288.134,213.862,192.071,144.768,1183.13,486.409,271.271,206.39,189.036,145.856
182,1956712.0,2354.61,556.403,288.678,214.728,192.079,145.255,1166.5,489.02,273.334,206.744,187.535,138.042
183,2097152.0,2142.04,555.974,291.139,215.142,190.655,140.146,1174.79,498.876,274.13,206.605,191.782,151.337
184,2247671.0,2041.18,560.438,274.065,215.782,192.439,144.339,1149.28,505.024,276.619,208.151,189.373,151.201
185,2408995.0,2167.11,561.097,292.679,215.824,191.459,146.22,1166.02,508.543,276.441,209.632,192.454,153.364
186,2581896.0,1981.6,561.805,294.663,216.229,187.606,145.296,1086.24,513.152,278.739,210.231,192.655,150.731
187,2767208.0,1544.35,561.073,291.557,216.305,192.906,144.721,1217.54,519.197,278.728,211.81,194.287,154.007
188,2965820.0,1501.49,567.559,291.625,216.813,194.386,144.968,1244.48,526.227,263.772,212.597,195.879,153.111
189,3178688.0,1468.43,572.153,293.099,204.742,179.603,144.792,1254.89,529.69,280.625,213.842,194.997,154.551
190,3406833.0,1468.03,574.755,293.846,217.513,194.893,144.327,1288.42,533.397,280.525,214.219,196.196,149.988
191,3651353.0,1466.51,575.814,292.801,217.881,195.181,143.903,1314.2,540.289,282.306,214.523,196.044,155.18
192,3913424.0,1493.2,578.864,295.499,218.227,194.6,144.893,1335.04,542.388,283.218,202.967,197.591,155.02
193,4194304.0,1499.94,581.267,295.672,218.643,194.433,144.615,1359.44,547.037,284.737,216.679,197.743,154.914
194,4495343.0,1498.81,580.877,296.063,219.049,194.792,143.962,1372.31,550.455,285.705,216.984,188.706,155.732
195,4817990.0,1515.18,583.219,296.578,218.431,195.323,144.354,1387.72,554.261,287.18,217.257,195.717,154.816
196,5163793.0,1539.15,583.644,297.293,219.376,194.663,143.894,1414.02,551.945,287.194,218.395,199.333,156.449
197,5534417.0,1538.7,587.17,298.426,219.398,194.748,143.857,1425.69,555.965,291.443,218.633,199.739,156.732
198,5931641.0,1541.11,589.377,299.408,218.624,194.54,143.777,1384.13,520.971,291.441,219.209,200.349,156.325
199,6357376.0,1526.57,590.573,298.892,217.74,194.861,143.102,1441.14,558.778,289.253,219.593,197.774,156.403
200,6813666.0,1523.32,587.717,298.935,217.862,194.539,144.024,1441.56,560.452,290.525,218.823,197.08,157.305
201,7302707.0,1531.31,587.425,299.498,217.809,195.151,142.0,1439.75,564.68,278.919,218.62,201.394,157.866
202,7826848.0,1525.49,587.528,300.162,217.475,194.202,143.36,1453.3,566.827,291.252,219.163,201.37,157.891
203,8388608.0,1534.4,590.986,300.288,217.876,194.256,142.534,1459.66,575.227,294.191,218.82,200.941,158.022
204,8990687.0,1544.58,592.067,293.437,217.46,194.224,143.305,1473.4,579.239,294.44,219.209,201.856,157.905
205,9635980.0,1557.7,592.71,296.435,217.872,194.651,142.596,1484.76,581.614,294.942,219.319,201.841,158.079
206,10327587.0,1553.02,588.342,296.736,217.83,194.381,142.767,1480.36,583.919,295.414,221.754,202.113,158.007
207,11068834.0,1563.6,596.339,301.073,218.365,194.195,138.391,1490.33,585.308,297.432,221.977,202.568,158.492
208,11863283.0,1563.47,596.804,300.409,217.789,194.405,142.658,1498.91,583.649,293.404,220.564,202.751,157.989
209,12714752.0,1566.04,597.796,297.998,217.815,188.293,142.41,1511.07,580.526,298.429,220.493,202.677,158.597
210,13627333.0,1576.88,597.804,301.893,218.264,191.398,142.075,1463.58,577.681,299.26,220.771,202.636,158.812
211,14605414.0,1431.33,598.463,302.0,217.792,194.225,142.291,1437.0,583.599,297.387,217.766,203.325,158.962
212,15653696.0,1572.67,588.966,302.213,218.166,193.961,141.993,1504.99,584.081,294.482,221.208,202.73,159.355
213,16777216.0,1564.15,601.538,300.855,218.166,194.216,141.804,1513.0,591.626,294.186,221.164,202.873,158.894
214,17981374.0,1547.24,589.579,296.455,217.805,193.057,141.614,1535.82,587.097,293.704,221.536,204.473,157.84
215,19271960.0,1555.05,593.486,296.571,217.126,192.818,140.591,1607.95,591.614,293.847,221.276,204.149,157.315
216,20655175.0,1495.91,443.844,296.661,217.306,193.304,141.137,1619.45,583.364,293.679,221.879,203.577,157.977
217,22137669.0,1492.98,595.821,297.6,208.953,193.015,141.183,1627.71,585.946,294.489,221.717,205.227,158.757
218,23726566.0,1488.08,593.409,297.789,216.956,192.755,141.242,1620.6,525.965,295.296,221.887,203.736,159.822
219,25429504.0,1476.2,597.561,297.858,217.185,190.698,141.427,1497.37,586.353,294.647,221.932,202.962,159.567
220,27254667.0,1478.73,598.74,298.021,217.232,192.401,140.935,1509.45,587.902,295.227,222.098,203.138,158.245
221,29210829.0,1511.27,598.242,297.893,219.834,193.733,140.274,1505.37,584.728,295.352,219.915,204.333,160.06
222,31307392.0,1523.87,590.534,297.867,216.964,193.923,141.301,1514.9,585.719,296.077,221.892,203.692,158.765
223,33554432.0,1539.88,592.049,298.347,217.578,193.42,139.99,1524.2,587.138,296.372,221.919,204.356,161.235
224,35962749.0,1554.19,591.663,297.145,217.041,192.729,140.773,1574.48,589.241,296.146,222.218,204.42,159.382
225,38543920.0,1554.43,591.518,298.409,217.497,192.684,140.58,1539.54,588.177,295.644,222.452,204.123,159.455
226,41310351.0,1603.12,595.255,298.125,219.272,192.837,140.588,1518.08,587.599,295.844,222.263,204.21,159.008
227,44275338.0,1575.59,590.68,298.003,217.318,193.711,140.561,1530.23,587.885,296.237,222.692,203.895,159.692
228,47453132.0,1596.29,594.909,298.767,217.695,192.875,139.235,1523.01,589.127,296.559,222.623,204.281,159.599
229,50859008.0,1594.91,594.996,298.079,219.409,193.454,140.241,1539.2,590.738,296.976,222.805,204.248,159.964
230,54509335.0,1584.22,595.345,297.916,217.675,193.194,140.152,1534.59,591.317,296.516,222.692,204.431,159.886
231,58421659.0,1571.43,594.612,298.557,217.573,192.918,140.191,1536.79,591.735,297.152,222.871,204.859,159.608
232,62614784.0,1594.69,594.732,298.198,218.141,193.695,140.792,1550.95,590.35,296.852,222.701,204.514,160.546
233,67108864.0,1612.28,595.961,297.834,218.037,193.812,140.157,1490.12,589.635,297.246,222.717,204.054,159.536
234,71925499.0,1590.66,593.108,298.53,217.266,192.817,140.263,1610.87,590.185,297.711,222.814,204.958,159.808
235,77087841.0,1583.71,596.3,298.673,217.284,193.293,140.463,1610.43,592.143,297.033,222.728,204.478,159.842
236,82620702.0,1567.48,595.196,298.493,217.887,193.208,140.133,1613.21,592.765,298.012,223.111,204.517,159.643
237,88550676.0,1577.79,595.985,298.861,217.681,192.936,139.411,1623.42,592.226,297.25,222.865,204.272,159.549
238,94906265.0,1500.48,595.432,297.937,217.826,193.015,140.173,1621.9,592.314,297.436,222.862,204.657,159.842
239,101718016.0,1602.78,595.878,297.898,217.462,192.756,139.617,1625.12,593.102,297.753,223.07,205.005,159.624
240,109018671.0,1606.92,596.433,298.717,217.593,193.645,139.981,1616.07,593.076,297.682,223.321,205.036,160.4
241,116843318.0,1602.91,596.014,298.146,217.849,193.043,139.701,1610.23,592.597,298.476,223.201,204.729,159.984
242,125229568.0,1600.83,595.978,298.758,217.666,193.194,139.561,1578.89,594.375,297.877,223.374,204.39,160.113
243,134217728.0,1598.76,595.489,299.08,217.466,193.209,140.281,1618.23,593.836,298.107,223.104,204.94,159.982
